bandit0,bandit,?,0,bandit0@bandit.labs.overthewire.org,2220,34,0,0
bandit1,bandit,?,0,bandit1@bandit.labs.overthewire.org,2220,34,0,0
bandit2,bandit,?,0,bandit2@bandit.labs.overthewire.org,2220,34,0,0
bandit3,bandit,?,0,bandit3@bandit.labs.overthewire.org,2220,34,0,0
bandit4,bandit,?,0,bandit4@bandit.labs.overthewire.org,2220,34,0,0
bandit5,bandit,?,0,bandit5@bandit.labs.overthewire.org,2220,34,0,0
bandit6,bandit,?,0,bandit6@bandit.labs.overthewire.org,2220,34,0,0
bandit7,bandit,?,0,bandit7@bandit.labs.overthewire.org,2220,34,0,0
bandit8,bandit,?,0,bandit8@bandit.labs.overthewire.org,2220,34,0,0
bandit9,bandit,?,0,bandit9@bandit.labs.overthewire.org,2220,34,0,0
bandit10,bandit,?,0,bandit10@bandit.labs.overthewire.org,2220,34,0,0
bandit11,bandit,?,0,bandit11@bandit.labs.overthewire.org,2220,34,0,0
bandit12,bandit,?,0,bandit12@bandit.labs.overthewire.org,2220,34,0,0
bandit13,bandit,?,0,bandit13@bandit.labs.overthewire.org,2220,34,0,0
bandit14,bandit,?,0,bandit14@bandit.labs.overthewire.org,2220,34,0,0
bandit15,bandit,?,0,bandit15@bandit.labs.overthewire.org,2220,34,0,0
bandit16,bandit,?,0,bandit16@bandit.labs.overthewire.org,2220,34,0,0
bandit17,bandit,?,0,bandit17@bandit.labs.overthewire.org,2220,34,0,0
bandit18,bandit,?,0,bandit18@bandit.labs.overthewire.org,2220,34,0,0
bandit19,bandit,?,0,bandit19@bandit.labs.overthewire.org,2220,34,0,0
bandit20,bandit,?,0,bandit20@bandit.labs.overthewire.org,2220,34,0,0
bandit21,bandit,?,0,bandit21@bandit.labs.overthewire.org,2220,34,0,0
bandit22,bandit,?,0,bandit22@bandit.labs.overthewire.org,2220,34,0,0
bandit23,bandit,?,0,bandit23@bandit.labs.overthewire.org,2220,34,0,0
bandit24,bandit,?,0,bandit24@bandit.labs.overthewire.org,2220,34,0,0
bandit25,bandit,?,0,bandit25@bandit.labs.overthewire.org,2220,34,0,0
bandit26,bandit,?,0,bandit26@bandit.labs.overthewire.org,2220,34,0,0
bandit27,bandit,?,0,bandit27@bandit.labs.overthewire.org,2220,34,0,0
bandit28,bandit,?,0,bandit28@bandit.labs.overthewire.org,2220,34,0,0
bandit29,bandit,?,0,bandit29@bandit.labs.overthewire.org,2220,34,0,0
bandit30,bandit,?,0,bandit30@bandit.labs.overthewire.org,2220,34,0,0
bandit31,bandit,?,0,bandit31@bandit.labs.overthewire.org,2220,34,0,0
bandit32,bandit,?,0,bandit32@bandit.labs.overthewire.org,2220,34,0,0
bandit33,bandit,?,0,bandit33@bandit.labs.overthewire.org,2220,34,0,0
bandit34,bandit,?,0,bandit34@bandit.labs.overthewire.org,2220,34,0,0
natas0,natas,?,0,natas0@natas.labs.overthewire.org,0,34,0,0
natas1,natas,?,0,natas1@natas.labs.overthewire.org,0,34,0,0
natas2,natas,?,0,natas2@natas.labs.overthewire.org,0,34,0,0
natas3,natas,?,0,natas3@natas.labs.overthewire.org,0,34,0,0
natas4,natas,?,0,natas4@natas.labs.overthewire.org,0,34,0,0
natas5,natas,?,0,natas5@natas.labs.overthewire.org,0,34,0,0
natas6,natas,?,0,natas6@natas.labs.overthewire.org,0,34,0,0
natas7,natas,?,0,natas7@natas.labs.overthewire.org,0,34,0,0
natas8,natas,?,0,natas8@natas.labs.overthewire.org,0,34,0,0
natas9,natas,?,0,natas9@natas.labs.overthewire.org,0,34,0,0
natas10,natas,?,0,natas10@natas.labs.overthewire.org,0,34,0,0
natas11,natas,?,0,natas11@natas.labs.overthewire.org,0,34,0,0
natas12,natas,?,0,natas12@natas.labs.overthewire.org,0,34,0,0
natas13,natas,?,0,natas13@natas.labs.overthewire.org,0,34,0,0
natas14,natas,?,0,natas14@natas.labs.overthewire.org,0,34,0,0
natas15,natas,?,0,natas15@natas.labs.overthewire.org,0,34,0,0
natas16,natas,?,0,natas16@natas.labs.overthewire.org,0,34,0,0
natas17,natas,?,0,natas17@natas.labs.overthewire.org,0,34,0,0
natas18,natas,?,0,natas18@natas.labs.overthewire.org,0,34,0,0
natas19,natas,?,0,natas19@natas.labs.overthewire.org,0,34,0,0
natas20,natas,?,0,natas20@natas.labs.overthewire.org,0,34,0,0
natas21,natas,?,0,natas21@natas.labs.overthewire.org,0,34,0,0
natas22,natas,?,0,natas22@natas.labs.overthewire.org,0,34,0,0
natas23,natas,?,0,natas23@natas.labs.overthewire.org,0,34,0,0
natas24,natas,?,0,natas24@natas.labs.overthewire.org,0,34,0,0
natas25,natas,?,0,natas25@natas.labs.overthewire.org,0,34,0,0
natas26,natas,?,0,natas26@natas.labs.overthewire.org,0,34,0,0
natas27,natas,?,0,natas27@natas.labs.overthewire.org,0,34,0,0
natas28,natas,?,0,natas28@natas.labs.overthewire.org,0,34,0,0
natas29,natas,?,0,natas29@natas.labs.overthewire.org,0,34,0,0
natas30,natas,?,0,natas30@natas.labs.overthewire.org,0,34,0,0
natas31,natas,?,0,natas31@natas.labs.overthewire.org,0,34,0,0
natas32,natas,?,0,natas32@natas.labs.overthewire.org,0,34,0,0
natas33,natas,?,0,natas33@natas.labs.overthewire.org,0,34,0,0
natas34,natas,?,0,natas34@natas.labs.overthewire.org,0,34,0,0
leviathan0,leviathan,?,0,leviathan0@leviathan.labs.overthewire.org,2223,7,0,0
leviathan1,leviathan,?,0,leviathan1@leviathan.labs.overthewire.org,2223,7,0,0
leviathan2,leviathan,?,0,leviathan2@leviathan.labs.overthewire.org,2223,7,0,0
leviathan3,leviathan,?,0,leviathan3@leviathan.labs.overthewire.org,2223,7,0,0
leviathan4,leviathan,?,0,leviathan4@leviathan.labs.overthewire.org,2223,7,0,0
leviathan5,leviathan,?,0,leviathan5@leviathan.labs.overthewire.org,2223,7,0,0
leviathan6,leviathan,?,0,leviathan6@leviathan.labs.overthewire.org,2223,7,0,0
leviathan7,leviathan,?,0,leviathan7@leviathan.labs.overthewire.org,2223,7,0,0
krypton0,krypton,?,0,krypton0@krypton.labs.overthewire.org,2231,7,0,0
krypton1,krypton,?,0,krypton1@krypton.labs.overthewire.org,2231,7,0,0
krypton2,krypton,?,0,krypton2@krypton.labs.overthewire.org,2231,7,0,0
krypton3,krypton,?,0,krypton3@krypton.labs.overthewire.org,2231,7,0,0
krypton4,krypton,?,0,krypton4@krypton.labs.overthewire.org,2231,7,0,0
krypton5,krypton,?,0,krypton5@krypton.labs.overthewire.org,2231,7,0,0
krypton6,krypton,?,0,krypton6@krypton.labs.overthewire.org,2231,7,0,0
krypton7,krypton,?,0,krypton7@krypton.labs.overthewire.org,2231,7,0,0
narnia0,narnia,?,0,narnia0@narnia.labs.overthewire.org,2226,9,0,0
narnia1,narnia,?,0,narnia1@narnia.labs.overthewire.org,2226,9,0,0
narnia2,narnia,?,0,narnia2@narnia.labs.overthewire.org,2226,9,0,0
narnia3,narnia,?,0,narnia3@narnia.labs.overthewire.org,2226,9,0,0
narnia4,narnia,?,0,narnia4@narnia.labs.overthewire.org,2226,9,0,0
narnia5,narnia,?,0,narnia5@narnia.labs.overthewire.org,2226,9,0,0
narnia6,narnia,?,0,narnia6@narnia.labs.overthewire.org,2226,9,0,0
narnia7,narnia,?,0,narnia7@narnia.labs.overthewire.org,2226,9,0,0
narnia8,narnia,?,0,narnia8@narnia.labs.overthewire.org,2226,9,0,0
narnia9,narnia,?,0,narnia9@narnia.labs.overthewire.org,2226,9,0,0
behemoth0,behemoth,?,0,behemoth0@behemoth.labs.overthewire.org,2221,8,0,0
behemoth1,behemoth,?,0,behemoth1@behemoth.labs.overthewire.org,2221,8,0,0
behemoth2,behemoth,?,0,behemoth2@behemoth.labs.overthewire.org,2221,8,0,0
behemoth3,behemoth,?,0,behemoth3@behemoth.labs.overthewire.org,2221,8,0,0
behemoth4,behemoth,?,0,behemoth4@behemoth.labs.overthewire.org,2221,8,0,0
behemoth5,behemoth,?,0,behemoth5@behemoth.labs.overthewire.org,2221,8,0,0
behemoth6,behemoth,?,0,behemoth6@behemoth.labs.overthewire.org,2221,8,0,0
behemoth7,behemoth,?,0,behemoth7@behemoth.labs.overthewire.org,2221,8,0,0
behemoth8,behemoth,?,0,behemoth8@behemoth.labs.overthewire.org,2221,8,0,0
utumno0,utumno,?,0,utumno0@utumno.labs.overthewire.org,2227,8,0,0
utumno1,utumno,?,0,utumno1@utumno.labs.overthewire.org,2227,8,0,0
utumno2,utumno,?,0,utumno2@utumno.labs.overthewire.org,2227,8,0,0
utumno3,utumno,?,0,utumno3@utumno.labs.overthewire.org,2227,8,0,0
utumno4,utumno,?,0,utumno4@utumno.labs.overthewire.org,2227,8,0,0
utumno5,utumno,?,0,utumno5@utumno.labs.overthewire.org,2227,8,0,0
utumno6,utumno,?,0,utumno6@utumno.labs.overthewire.org,2227,8,0,0
utumno7,utumno,?,0,utumno7@utumno.labs.overthewire.org,2227,8,0,0
utumno8,utumno,?,0,utumno8@utumno.labs.overthewire.org,2227,8,0,0
maze0,maze,?,0,maze0@maze.labs.overthewire.org,2225,9,0,0
maze1,maze,?,0,maze1@maze.labs.overthewire.org,2225,9,0,0
maze2,maze,?,0,maze2@maze.labs.overthewire.org,2225,9,0,0
maze3,maze,?,0,maze3@maze.labs.overthewire.org,2225,9,0,0
maze4,maze,?,0,maze4@maze.labs.overthewire.org,2225,9,0,0
maze5,maze,?,0,maze5@maze.labs.overthewire.org,2225,9,0,0
maze6,maze,?,0,maze6@maze.labs.overthewire.org,2225,9,0,0
maze7,maze,?,0,maze7@maze.labs.overthewire.org,2225,9,0,0
maze8,maze,?,0,maze8@maze.labs.overthewire.org,2225,9,0,0
maze9,maze,?,0,maze9@maze.labs.overthewire.org,2225,9,0,0
vortex0,vortex,?,0,vortex0@vortex.labs.overthewire.org,2228,27,0,0
vortex1,vortex,?,0,vortex1@vortex.labs.overthewire.org,2228,27,0,0
vortex2,vortex,?,0,vortex2@vortex.labs.overthewire.org,2228,27,0,0
vortex3,vortex,?,0,vortex3@vortex.labs.overthewire.org,2228,27,0,0
vortex4,vortex,?,0,vortex4@vortex.labs.overthewire.org,2228,27,0,0
vortex5,vortex,?,0,vortex5@vortex.labs.overthewire.org,2228,27,0,0
vortex6,vortex,?,0,vortex6@vortex.labs.overthewire.org,2228,27,0,0
vortex7,vortex,?,0,vortex7@vortex.labs.overthewire.org,2228,27,0,0
vortex8,vortex,?,0,vortex8@vortex.labs.overthewire.org,2228,27,0,0
vortex9,vortex,?,0,vortex9@vortex.labs.overthewire.org,2228,27,0,0
vortex10,vortex,?,0,vortex10@vortex.labs.overthewire.org,2228,27,0,0
vortex11,vortex,?,0,vortex11@vortex.labs.overthewire.org,2228,27,0,0
vortex12,vortex,?,0,vortex12@vortex.labs.overthewire.org,2228,27,0,0
vortex13,vortex,?,0,vortex13@vortex.labs.overthewire.org,2228,27,0,0
vortex14,vortex,?,0,vortex14@vortex.labs.overthewire.org,2228,27,0,0
vortex15,vortex,?,0,vortex15@vortex.labs.overthewire.org,2228,27,0,0
vortex16,vortex,?,0,vortex16@vortex.labs.overthewire.org,2228,27,0,0
vortex17,vortex,?,0,vortex17@vortex.labs.overthewire.org,2228,27,0,0
vortex18,vortex,?,0,vortex18@vortex.labs.overthewire.org,2228,27,0,0
vortex19,vortex,?,0,vortex19@vortex.labs.overthewire.org,2228,27,0,0
vortex20,vortex,?,0,vortex20@vortex.labs.overthewire.org,2228,27,0,0
vortex21,vortex,?,0,vortex21@vortex.labs.overthewire.org,2228,27,0,0
vortex22,vortex,?,0,vortex22@vortex.labs.overthewire.org,2228,27,0,0
vortex23,vortex,?,0,vortex23@vortex.labs.overthewire.org,2228,27,0,0
vortex24,vortex,?,0,vortex24@vortex.labs.overthewire.org,2228,27,0,0
vortex25,vortex,?,0,vortex25@vortex.labs.overthewire.org,2228,27,0,0
vortex26,vortex,?,0,vortex26@vortex.labs.overthewire.org,2228,27,0,0
vortex27,vortex,?,0,vortex27@vortex.labs.overthewire.org,2228,27,0,0
manpage0,manpage,?,0,manpage0@manpage.labs.overthewire.org,2224,7,0,0
manpage1,manpage,?,0,manpage1@manpage.labs.overthewire.org,2224,7,0,0
manpage2,manpage,?,0,manpage2@manpage.labs.overthewire.org,2224,7,0,0
manpage3,manpage,?,0,manpage3@manpage.labs.overthewire.org,2224,7,0,0
manpage4,manpage,?,0,manpage4@manpage.labs.overthewire.org,2224,7,0,0
manpage5,manpage,?,0,manpage5@manpage.labs.overthewire.org,2224,7,0,0
manpage6,manpage,?,0,manpage6@manpage.labs.overthewire.org,2224,7,0,0
manpage7,manpage,?,0,manpage7@manpage.labs.overthewire.org,2224,7,0,0
drifter0,drifter,?,0,drifter0@drifter.labs.overthewire.org,2230,15,0,0
drifter1,drifter,?,0,drifter1@drifter.labs.overthewire.org,2230,15,0,0
drifter2,drifter,?,0,drifter2@drifter.labs.overthewire.org,2230,15,0,0
drifter3,drifter,?,0,drifter3@drifter.labs.overthewire.org,2230,15,0,0
drifter4,drifter,?,0,drifter4@drifter.labs.overthewire.org,2230,15,0,0
drifter5,drifter,?,0,drifter5@drifter.labs.overthewire.org,2230,15,0,0
drifter6,drifter,?,0,drifter6@drifter.labs.overthewire.org,2230,15,0,0
drifter7,drifter,?,0,drifter7@drifter.labs.overthewire.org,2230,15,0,0
drifter8,drifter,?,0,drifter8@drifter.labs.overthewire.org,2230,15,0,0
drifter9,drifter,?,0,drifter9@drifter.labs.overthewire.org,2230,15,0,0
drifter10,drifter,?,0,drifter10@drifter.labs.overthewire.org,2230,15,0,0
drifter11,drifter,?,0,drifter11@drifter.labs.overthewire.org,2230,15,0,0
drifter12,drifter,?,0,drifter12@drifter.labs.overthewire.org,2230,15,0,0
drifter13,drifter,?,0,drifter13@drifter.labs.overthewire.org,2230,15,0,0
drifter14,drifter,?,0,drifter14@drifter.labs.overthewire.org,2230,15,0,0
drifter15,drifter,?,0,drifter15@drifter.labs.overthewire.org,2230,15,0,0
formulaone0,formulaone,?,0,formulaone0@formulaone.labs.overthewire.org,2223,6,0,0
formulaone1,formulaone,?,0,formulaone1@formulaone.labs.overthewire.org,2223,6,0,0
formulaone2,formulaone,?,0,formulaone2@formulaone.labs.overthewire.org,2223,6,0,0
formulaone3,formulaone,?,0,formulaone3@formulaone.labs.overthewire.org,2223,6,0,0
formulaone4,formulaone,?,0,formulaone4@formulaone.labs.overthewire.org,2223,6,0,0
formulaone5,formulaone,?,0,formulaone5@formulaone.labs.overthewire.org,2223,6,0,0
formulaone6,formulaone,?,0,formulaone6@formulaone.labs.overthewire.org,2223,6,0,0
