bandit0,?,0,bandit,2220,34,0,bandit0@bandit.labs.overthewire.org
bandit1,?,0,bandit,2220,34,0,bandit1@bandit.labs.overthewire.org
bandit2,?,0,bandit,2220,34,0,bandit2@bandit.labs.overthewire.org
bandit3,?,0,bandit,2220,34,0,bandit3@bandit.labs.overthewire.org
bandit4,?,0,bandit,2220,34,0,bandit4@bandit.labs.overthewire.org
bandit5,?,0,bandit,2220,34,0,bandit5@bandit.labs.overthewire.org
bandit6,?,0,bandit,2220,34,0,bandit6@bandit.labs.overthewire.org
bandit7,?,0,bandit,2220,34,0,bandit7@bandit.labs.overthewire.org
bandit8,?,0,bandit,2220,34,0,bandit8@bandit.labs.overthewire.org
bandit9,?,0,bandit,2220,34,0,bandit9@bandit.labs.overthewire.org
bandit10,?,0,bandit,2220,34,0,bandit10@bandit.labs.overthewire.org
bandit11,?,0,bandit,2220,34,0,bandit11@bandit.labs.overthewire.org
bandit12,?,0,bandit,2220,34,0,bandit12@bandit.labs.overthewire.org
bandit13,?,0,bandit,2220,34,0,bandit13@bandit.labs.overthewire.org
bandit14,?,0,bandit,2220,34,0,bandit14@bandit.labs.overthewire.org
bandit15,?,0,bandit,2220,34,0,bandit15@bandit.labs.overthewire.org
bandit16,?,0,bandit,2220,34,0,bandit16@bandit.labs.overthewire.org
bandit17,?,0,bandit,2220,34,0,bandit17@bandit.labs.overthewire.org
bandit18,?,0,bandit,2220,34,0,bandit18@bandit.labs.overthewire.org
bandit19,?,0,bandit,2220,34,0,bandit19@bandit.labs.overthewire.org
bandit20,?,0,bandit,2220,34,0,bandit20@bandit.labs.overthewire.org
bandit21,?,0,bandit,2220,34,0,bandit21@bandit.labs.overthewire.org
bandit22,?,0,bandit,2220,34,0,bandit22@bandit.labs.overthewire.org
bandit23,?,0,bandit,2220,34,0,bandit23@bandit.labs.overthewire.org
bandit24,?,0,bandit,2220,34,0,bandit24@bandit.labs.overthewire.org
bandit25,?,0,bandit,2220,34,0,bandit25@bandit.labs.overthewire.org
bandit26,?,0,bandit,2220,34,0,bandit26@bandit.labs.overthewire.org
bandit27,?,0,bandit,2220,34,0,bandit27@bandit.labs.overthewire.org
bandit28,?,0,bandit,2220,34,0,bandit28@bandit.labs.overthewire.org
bandit29,?,0,bandit,2220,34,0,bandit29@bandit.labs.overthewire.org
bandit30,?,0,bandit,2220,34,0,bandit30@bandit.labs.overthewire.org
bandit31,?,0,bandit,2220,34,0,bandit31@bandit.labs.overthewire.org
bandit32,?,0,bandit,2220,34,0,bandit32@bandit.labs.overthewire.org
bandit33,?,0,bandit,2220,34,0,bandit33@bandit.labs.overthewire.org
bandit34,?,0,bandit,2220,34,0,bandit34@bandit.labs.overthewire.org
natas0,?,0,natas,0,34,0,natas0@natas.labs.overthewire.org
natas1,?,0,natas,0,34,0,natas1@natas.labs.overthewire.org
natas2,?,0,natas,0,34,0,natas2@natas.labs.overthewire.org
natas3,?,0,natas,0,34,0,natas3@natas.labs.overthewire.org
natas4,?,0,natas,0,34,0,natas4@natas.labs.overthewire.org
natas5,?,0,natas,0,34,0,natas5@natas.labs.overthewire.org
natas6,?,0,natas,0,34,0,natas6@natas.labs.overthewire.org
natas7,?,0,natas,0,34,0,natas7@natas.labs.overthewire.org
natas8,?,0,natas,0,34,0,natas8@natas.labs.overthewire.org
natas9,?,0,natas,0,34,0,natas9@natas.labs.overthewire.org
natas10,?,0,natas,0,34,0,natas10@natas.labs.overthewire.org
natas11,?,0,natas,0,34,0,natas11@natas.labs.overthewire.org
natas12,?,0,natas,0,34,0,natas12@natas.labs.overthewire.org
natas13,?,0,natas,0,34,0,natas13@natas.labs.overthewire.org
natas14,?,0,natas,0,34,0,natas14@natas.labs.overthewire.org
natas15,?,0,natas,0,34,0,natas15@natas.labs.overthewire.org
natas16,?,0,natas,0,34,0,natas16@natas.labs.overthewire.org
natas17,?,0,natas,0,34,0,natas17@natas.labs.overthewire.org
natas18,?,0,natas,0,34,0,natas18@natas.labs.overthewire.org
natas19,?,0,natas,0,34,0,natas19@natas.labs.overthewire.org
natas20,?,0,natas,0,34,0,natas20@natas.labs.overthewire.org
natas21,?,0,natas,0,34,0,natas21@natas.labs.overthewire.org
natas22,?,0,natas,0,34,0,natas22@natas.labs.overthewire.org
natas23,?,0,natas,0,34,0,natas23@natas.labs.overthewire.org
natas24,?,0,natas,0,34,0,natas24@natas.labs.overthewire.org
natas25,?,0,natas,0,34,0,natas25@natas.labs.overthewire.org
natas26,?,0,natas,0,34,0,natas26@natas.labs.overthewire.org
natas27,?,0,natas,0,34,0,natas27@natas.labs.overthewire.org
natas28,?,0,natas,0,34,0,natas28@natas.labs.overthewire.org
natas29,?,0,natas,0,34,0,natas29@natas.labs.overthewire.org
natas30,?,0,natas,0,34,0,natas30@natas.labs.overthewire.org
natas31,?,0,natas,0,34,0,natas31@natas.labs.overthewire.org
natas32,?,0,natas,0,34,0,natas32@natas.labs.overthewire.org
natas33,?,0,natas,0,34,0,natas33@natas.labs.overthewire.org
natas34,?,0,natas,0,34,0,natas34@natas.labs.overthewire.org
leviathan0,?,0,leviathan,2223,7,0,leviathan0@leviathan.labs.overthewire.org
leviathan1,?,0,leviathan,2223,7,0,leviathan1@leviathan.labs.overthewire.org
leviathan2,?,0,leviathan,2223,7,0,leviathan2@leviathan.labs.overthewire.org
leviathan3,?,0,leviathan,2223,7,0,leviathan3@leviathan.labs.overthewire.org
leviathan4,?,0,leviathan,2223,7,0,leviathan4@leviathan.labs.overthewire.org
leviathan5,?,0,leviathan,2223,7,0,leviathan5@leviathan.labs.overthewire.org
leviathan6,?,0,leviathan,2223,7,0,leviathan6@leviathan.labs.overthewire.org
leviathan7,?,0,leviathan,2223,7,0,leviathan7@leviathan.labs.overthewire.org
krypton0,?,0,krypton,2231,7,0,krypton0@krypton.labs.overthewire.org
krypton1,?,0,krypton,2231,7,0,krypton1@krypton.labs.overthewire.org
krypton2,?,0,krypton,2231,7,0,krypton2@krypton.labs.overthewire.org
krypton3,?,0,krypton,2231,7,0,krypton3@krypton.labs.overthewire.org
krypton4,?,0,krypton,2231,7,0,krypton4@krypton.labs.overthewire.org
krypton5,?,0,krypton,2231,7,0,krypton5@krypton.labs.overthewire.org
krypton6,?,0,krypton,2231,7,0,krypton6@krypton.labs.overthewire.org
krypton7,?,0,krypton,2231,7,0,krypton7@krypton.labs.overthewire.org
narnia0,?,0,narnia,2226,9,0,narnia0@narnia.labs.overthewire.org
narnia1,?,0,narnia,2226,9,0,narnia1@narnia.labs.overthewire.org
narnia2,?,0,narnia,2226,9,0,narnia2@narnia.labs.overthewire.org
narnia3,?,0,narnia,2226,9,0,narnia3@narnia.labs.overthewire.org
narnia4,?,0,narnia,2226,9,0,narnia4@narnia.labs.overthewire.org
narnia5,?,0,narnia,2226,9,0,narnia5@narnia.labs.overthewire.org
narnia6,?,0,narnia,2226,9,0,narnia6@narnia.labs.overthewire.org
narnia7,?,0,narnia,2226,9,0,narnia7@narnia.labs.overthewire.org
narnia8,?,0,narnia,2226,9,0,narnia8@narnia.labs.overthewire.org
narnia9,?,0,narnia,2226,9,0,narnia9@narnia.labs.overthewire.org
behemoth0,?,0,behemoth,2221,8,0,behemoth0@behemoth.labs.overthewire.org
behemoth1,?,0,behemoth,2221,8,0,behemoth1@behemoth.labs.overthewire.org
behemoth2,?,0,behemoth,2221,8,0,behemoth2@behemoth.labs.overthewire.org
behemoth3,?,0,behemoth,2221,8,0,behemoth3@behemoth.labs.overthewire.org
behemoth4,?,0,behemoth,2221,8,0,behemoth4@behemoth.labs.overthewire.org
behemoth5,?,0,behemoth,2221,8,0,behemoth5@behemoth.labs.overthewire.org
behemoth6,?,0,behemoth,2221,8,0,behemoth6@behemoth.labs.overthewire.org
behemoth7,?,0,behemoth,2221,8,0,behemoth7@behemoth.labs.overthewire.org
behemoth8,?,0,behemoth,2221,8,0,behemoth8@behemoth.labs.overthewire.org
utumno0,?,0,utumno,2227,8,0,utumno0@utumno.labs.overthewire.org
utumno1,?,0,utumno,2227,8,0,utumno1@utumno.labs.overthewire.org
utumno2,?,0,utumno,2227,8,0,utumno2@utumno.labs.overthewire.org
utumno3,?,0,utumno,2227,8,0,utumno3@utumno.labs.overthewire.org
utumno4,?,0,utumno,2227,8,0,utumno4@utumno.labs.overthewire.org
utumno5,?,0,utumno,2227,8,0,utumno5@utumno.labs.overthewire.org
utumno6,?,0,utumno,2227,8,0,utumno6@utumno.labs.overthewire.org
utumno7,?,0,utumno,2227,8,0,utumno7@utumno.labs.overthewire.org
utumno8,?,0,utumno,2227,8,0,utumno8@utumno.labs.overthewire.org
maze0,?,0,maze,2225,9,0,maze0@maze.labs.overthewire.org
maze1,?,0,maze,2225,9,0,maze1@maze.labs.overthewire.org
maze2,?,0,maze,2225,9,0,maze2@maze.labs.overthewire.org
maze3,?,0,maze,2225,9,0,maze3@maze.labs.overthewire.org
maze4,?,0,maze,2225,9,0,maze4@maze.labs.overthewire.org
maze5,?,0,maze,2225,9,0,maze5@maze.labs.overthewire.org
maze6,?,0,maze,2225,9,0,maze6@maze.labs.overthewire.org
maze7,?,0,maze,2225,9,0,maze7@maze.labs.overthewire.org
maze8,?,0,maze,2225,9,0,maze8@maze.labs.overthewire.org
maze9,?,0,maze,2225,9,0,maze9@maze.labs.overthewire.org
vortex0,?,0,vortex,2228,27,0,vortex0@vortex.labs.overthewire.org
vortex1,?,0,vortex,2228,27,0,vortex1@vortex.labs.overthewire.org
vortex2,?,0,vortex,2228,27,0,vortex2@vortex.labs.overthewire.org
vortex3,?,0,vortex,2228,27,0,vortex3@vortex.labs.overthewire.org
vortex4,?,0,vortex,2228,27,0,vortex4@vortex.labs.overthewire.org
vortex5,?,0,vortex,2228,27,0,vortex5@vortex.labs.overthewire.org
vortex6,?,0,vortex,2228,27,0,vortex6@vortex.labs.overthewire.org
vortex7,?,0,vortex,2228,27,0,vortex7@vortex.labs.overthewire.org
vortex8,?,0,vortex,2228,27,0,vortex8@vortex.labs.overthewire.org
vortex9,?,0,vortex,2228,27,0,vortex9@vortex.labs.overthewire.org
vortex10,?,0,vortex,2228,27,0,vortex10@vortex.labs.overthewire.org
vortex11,?,0,vortex,2228,27,0,vortex11@vortex.labs.overthewire.org
vortex12,?,0,vortex,2228,27,0,vortex12@vortex.labs.overthewire.org
vortex13,?,0,vortex,2228,27,0,vortex13@vortex.labs.overthewire.org
vortex14,?,0,vortex,2228,27,0,vortex14@vortex.labs.overthewire.org
vortex15,?,0,vortex,2228,27,0,vortex15@vortex.labs.overthewire.org
vortex16,?,0,vortex,2228,27,0,vortex16@vortex.labs.overthewire.org
vortex17,?,0,vortex,2228,27,0,vortex17@vortex.labs.overthewire.org
vortex18,?,0,vortex,2228,27,0,vortex18@vortex.labs.overthewire.org
vortex19,?,0,vortex,2228,27,0,vortex19@vortex.labs.overthewire.org
vortex20,?,0,vortex,2228,27,0,vortex20@vortex.labs.overthewire.org
vortex21,?,0,vortex,2228,27,0,vortex21@vortex.labs.overthewire.org
vortex22,?,0,vortex,2228,27,0,vortex22@vortex.labs.overthewire.org
vortex23,?,0,vortex,2228,27,0,vortex23@vortex.labs.overthewire.org
vortex24,?,0,vortex,2228,27,0,vortex24@vortex.labs.overthewire.org
vortex25,?,0,vortex,2228,27,0,vortex25@vortex.labs.overthewire.org
vortex26,?,0,vortex,2228,27,0,vortex26@vortex.labs.overthewire.org
vortex27,?,0,vortex,2228,27,0,vortex27@vortex.labs.overthewire.org
manpage0,?,0,manpage,2224,7,0,manpage0@manpage.labs.overthewire.org
manpage1,?,0,manpage,2224,7,0,manpage1@manpage.labs.overthewire.org
manpage2,?,0,manpage,2224,7,0,manpage2@manpage.labs.overthewire.org
manpage3,?,0,manpage,2224,7,0,manpage3@manpage.labs.overthewire.org
manpage4,?,0,manpage,2224,7,0,manpage4@manpage.labs.overthewire.org
manpage5,?,0,manpage,2224,7,0,manpage5@manpage.labs.overthewire.org
manpage6,?,0,manpage,2224,7,0,manpage6@manpage.labs.overthewire.org
manpage7,?,0,manpage,2224,7,0,manpage7@manpage.labs.overthewire.org
drifter0,?,0,drifter,2230,15,0,drifter0@drifter.labs.overthewire.org
drifter1,?,0,drifter,2230,15,0,drifter1@drifter.labs.overthewire.org
drifter2,?,0,drifter,2230,15,0,drifter2@drifter.labs.overthewire.org
drifter3,?,0,drifter,2230,15,0,drifter3@drifter.labs.overthewire.org
drifter4,?,0,drifter,2230,15,0,drifter4@drifter.labs.overthewire.org
drifter5,?,0,drifter,2230,15,0,drifter5@drifter.labs.overthewire.org
drifter6,?,0,drifter,2230,15,0,drifter6@drifter.labs.overthewire.org
drifter7,?,0,drifter,2230,15,0,drifter7@drifter.labs.overthewire.org
drifter8,?,0,drifter,2230,15,0,drifter8@drifter.labs.overthewire.org
drifter9,?,0,drifter,2230,15,0,drifter9@drifter.labs.overthewire.org
drifter10,?,0,drifter,2230,15,0,drifter10@drifter.labs.overthewire.org
drifter11,?,0,drifter,2230,15,0,drifter11@drifter.labs.overthewire.org
drifter12,?,0,drifter,2230,15,0,drifter12@drifter.labs.overthewire.org
drifter13,?,0,drifter,2230,15,0,drifter13@drifter.labs.overthewire.org
drifter14,?,0,drifter,2230,15,0,drifter14@drifter.labs.overthewire.org
drifter15,?,0,drifter,2230,15,0,drifter15@drifter.labs.overthewire.org
formulaone0,?,0,formulaone,2223,6,0,formulaone0@formulaone.labs.overthewire.org
formulaone1,?,0,formulaone,2223,6,0,formulaone1@formulaone.labs.overthewire.org
formulaone2,?,0,formulaone,2223,6,0,formulaone2@formulaone.labs.overthewire.org
formulaone3,?,0,formulaone,2223,6,0,formulaone3@formulaone.labs.overthewire.org
formulaone4,?,0,formulaone,2223,6,0,formulaone4@formulaone.labs.overthewire.org
formulaone5,?,0,formulaone,2223,6,0,formulaone5@formulaone.labs.overthewire.org
formulaone6,?,0,formulaone,2223,6,0,formulaone6@formulaone.labs.overthewire.org
